{
    "apple iphone 4s back camera 4.28mm f/2.4": {
        "k2": 0.0, 
        "width": 3264, 
        "height": 2448, 
        "focal_prior": 0.9722222222222222, 
        "k1": 0.0, 
        "focal": 0.9722222222222222
    }
}